City_ID,City,Country,Date,Lat,Lng,Max Temp,Humidity,Cloudiness,Wind Speed
0,Rikitea,PF,2022-01-03 21:00:16,-23.1203,-134.9692,77.68,69,100,7.34
1,Lebanon,US,2022-01-03 21:00:21,36.2081,-86.2911,37.54,69,1,0.0
2,Kapaa,US,2022-01-03 21:00:22,22.0752,-159.319,75.18,79,100,1.01
3,Bredasdorp,ZA,2022-01-03 20:53:03,-34.5322,20.0403,64.27,77,100,3.44
4,Butaritari,KI,2022-01-03 21:00:23,3.0707,172.7902,80.33,69,100,14.45
5,Riyadh,SA,2022-01-03 21:00:23,24.6877,46.7219,55.81,59,0,9.46
6,Jamestown,US,2022-01-03 20:57:00,42.097,-79.2353,23.09,41,26,5.99
7,Hermanus,ZA,2022-01-03 21:00:24,-34.4187,19.2345,64.8,75,100,7.58
8,Bambous Virieux,MU,2022-01-03 21:00:24,-20.3428,57.7575,76.21,80,77,9.17
9,Luderitz,NA,2022-01-03 20:55:28,-26.6481,15.1594,62.2,81,0,15.48
10,Mataura,NZ,2022-01-03 21:00:24,-46.1927,168.8643,63.48,62,100,1.3
11,Vaini,TO,2022-01-03 21:00:25,-21.2,-175.2,78.55,86,100,31.61
12,Cape Town,ZA,2022-01-03 21:00:08,-33.9258,18.4232,65.26,73,73,5.01
13,Nautla,MX,2022-01-03 21:00:25,20.2167,-96.7833,65.82,56,48,11.03
14,Biak,ID,2022-01-03 21:00:26,-0.9131,122.8766,75.7,84,97,4.83
15,Goderich,CA,2022-01-03 21:00:26,43.7501,-81.7165,24.91,65,81,15.79
16,Ponta Delgada,PT,2022-01-03 21:00:26,37.7333,-25.6667,56.12,67,20,6.91
17,Kahului,US,2022-01-03 20:52:58,20.8947,-156.47,77.02,76,40,3.44
18,Kudat,MY,2022-01-03 21:00:27,6.8837,116.8477,76.3,90,89,12.01
19,Hobart,AU,2022-01-03 20:59:16,-42.8794,147.3294,57.02,87,90,3.44
20,San Patricio,US,2022-01-03 21:00:27,28.017,-97.5169,59.09,20,0,3.89
21,Tomatlan,MX,2022-01-03 21:00:27,19.9333,-105.25,88.41,48,0,11.14
22,Zaozerne,UA,2022-01-03 21:00:28,45.1582,33.2787,48.94,85,100,9.44
23,Montmagny,FR,2022-01-03 21:00:28,48.9734,2.3469,54.25,91,90,14.97
24,Mayumba,GA,2022-01-03 20:57:51,-3.432,10.6554,77.34,91,97,2.73
25,Vilhena,BR,2022-01-03 21:00:28,-12.7406,-60.1458,77.74,84,55,2.24
26,Key West,US,2022-01-03 20:59:15,24.5557,-81.7826,75.0,76,93,22.55
27,Bengkulu,ID,2022-01-03 20:57:45,-3.8004,102.2655,74.52,91,98,4.07
28,Necochea,AR,2022-01-03 20:56:36,-38.5473,-58.7368,84.04,36,97,7.07
29,Ushuaia,AR,2022-01-03 21:00:29,-54.8,-68.3,47.5,49,88,16.71
30,Bosaso,SO,2022-01-03 21:00:29,11.2842,49.1816,75.54,75,3,3.4
31,Port Alfred,ZA,2022-01-03 21:00:29,-33.5906,26.891,70.12,91,75,16.2
32,Nanortalik,GL,2022-01-03 21:00:30,60.1432,-45.2371,35.42,83,100,33.4
33,Souillac,MU,2022-01-03 20:52:57,-20.5167,57.5167,77.38,83,40,6.91
34,Saint-Philippe,RE,2022-01-03 21:00:30,-21.3585,55.7679,76.59,79,69,9.46
35,Puerto Ayora,EC,2022-01-03 21:00:30,-0.7393,-90.3518,72.64,79,100,8.84
36,Provideniya,RU,2022-01-03 21:00:31,64.3833,-173.3,6.24,96,23,1.7
37,Leningradskiy,RU,2022-01-03 21:00:31,69.3833,178.4167,30.92,76,100,8.75
38,Bertoua,CM,2022-01-03 21:00:31,4.5833,13.6833,73.36,31,38,1.21
39,Ust-Ilimsk,RU,2022-01-03 21:00:31,58.0006,102.6619,7.79,95,100,5.37
40,Bethel,US,2022-01-03 20:51:53,41.3712,-73.414,29.98,67,90,1.01
41,San Carlos De Bariloche,AR,2022-01-03 20:55:35,-41.1456,-71.3082,64.15,59,40,39.12
42,Dikson,RU,2022-01-03 21:00:32,73.5069,80.5464,-35.23,93,41,7.63
43,Maragogi,BR,2022-01-03 21:01:32,-9.0122,-35.2225,79.77,74,24,10.94
44,Torbay,CA,2022-01-03 20:53:05,47.6666,-52.7314,29.75,73,75,20.71
45,Palmer,US,2022-01-03 21:01:32,42.1584,-72.3287,26.69,54,100,4.0
46,Vuktyl,RU,2022-01-03 21:01:33,63.8567,57.3094,1.47,98,100,1.48
47,Victoria,HK,2022-01-03 21:00:09,22.2855,114.1577,65.25,83,18,8.99
48,Maroantsetra,MG,2022-01-03 21:01:33,-15.4333,49.7333,77.83,87,100,3.0
49,Meadow Lake,US,2022-01-03 21:01:33,34.8014,-106.5436,47.97,38,0,2.86
50,Barrow,US,2022-01-03 21:01:34,71.2906,-156.7887,-32.78,98,1,8.05
51,Vanimo,PG,2022-01-03 21:01:34,-2.6741,141.3028,77.72,89,100,6.53
52,Albany,US,2022-01-03 21:00:23,42.6001,-73.9662,21.81,76,87,1.01
53,Ribeira Grande,PT,2022-01-03 20:56:34,38.5167,-28.7,54.0,66,20,11.5
54,Bluff,NZ,2022-01-03 21:01:34,-46.6,168.3333,63.81,74,100,3.42
55,Ostrovnoy,RU,2022-01-03 20:53:03,68.0531,39.5131,16.12,83,100,15.03
56,Lebu,CL,2022-01-03 21:01:34,-37.6167,-73.65,62.11,94,78,9.6
57,Hauterive,FR,2022-01-03 20:56:32,46.0901,3.4459,54.36,68,100,8.19
58,High Rock,BS,2022-01-03 21:01:35,26.6208,-78.2833,71.04,83,43,24.4
59,Hunucma,MX,2022-01-03 21:01:35,21.0167,-89.8667,71.1,67,100,10.74
60,Busselton,AU,2022-01-03 21:00:31,-33.65,115.3333,62.1,88,55,12.88
61,Svetlyy,RU,2022-01-03 21:01:35,54.675,20.1347,44.65,85,93,17.72
62,Sayyan,YE,2022-01-03 21:01:36,15.1718,44.3244,55.24,73,91,3.15
63,Kodiak,US,2022-01-03 21:00:37,57.79,-152.4072,16.99,73,99,19.98
64,Monrovia,LR,2022-01-03 21:00:14,6.3005,-10.7969,79.95,76,95,7.43
65,Derzhavinsk,KZ,2022-01-03 21:01:36,51.1,66.3167,30.43,97,100,16.6
66,Avarua,CK,2022-01-03 21:01:36,-21.2078,-159.775,80.65,78,75,16.11
67,Padang,ID,2022-01-03 21:01:36,-0.9492,100.3543,76.15,87,66,3.58
68,Port Elizabeth,ZA,2022-01-03 21:01:37,-33.918,25.5701,68.29,94,40,5.75
69,Thompson,CA,2022-01-03 21:01:37,55.7435,-97.8558,-11.09,91,76,6.62
70,Along,IN,2022-01-03 21:01:37,28.1667,94.7667,49.37,83,31,1.86
71,Santa Fe,AR,2022-01-03 21:01:05,-31.6333,-60.7,102.74,31,51,1.99
72,Tasiilaq,GL,2022-01-03 21:01:37,65.6145,-37.6368,23.16,64,100,8.93
73,Vila,PT,2022-01-03 20:55:21,42.0304,-8.1588,48.33,85,100,9.73
74,Punta Arenas,CL,2022-01-03 21:01:38,-53.15,-70.9167,46.11,81,98,8.79
75,Coquimbo,CL,2022-01-03 20:54:18,-29.9533,-71.3436,69.53,68,20,13.8
76,Lorengau,PG,2022-01-03 20:55:24,-2.0226,147.2712,82.04,77,100,11.16
77,Nikolskoye,RU,2022-01-03 21:01:38,59.7035,30.7861,21.4,94,100,7.16
78,Narsaq,GL,2022-01-03 20:53:07,60.9167,-46.05,32.94,55,100,18.59
79,Mweka,CD,2022-01-03 21:01:38,-4.85,21.5667,67.28,99,100,0.47
80,Sioux Lookout,CA,2022-01-03 21:01:39,50.1001,-91.917,7.39,89,100,5.79
81,Pangnirtung,CA,2022-01-03 21:01:39,66.1451,-65.7125,8.94,80,100,6.04
82,Hithadhoo,MV,2022-01-03 21:01:39,-0.6,73.0833,81.72,74,47,7.34
83,Tuatapere,NZ,2022-01-03 21:01:40,-46.1333,167.6833,63.82,65,100,0.83
84,La Ronge,CA,2022-01-03 21:01:40,55.1001,-105.2842,-11.88,91,100,4.23
85,Qaanaaq,GL,2022-01-03 20:52:57,77.484,-69.3632,-4.22,61,70,6.8
86,Khash,IR,2022-01-03 21:01:40,28.2211,61.2158,53.24,82,1,15.82
87,Cabo San Lucas,MX,2022-01-03 20:55:19,22.8909,-109.9124,78.62,70,2,3.0
88,Angarsk,RU,2022-01-03 21:01:40,52.5367,103.8864,9.32,96,96,1.92
89,Saldanha,ZA,2022-01-03 20:56:39,-33.0117,17.9442,62.65,79,69,21.0
90,Touros,BR,2022-01-03 21:01:41,-5.1989,-35.4608,80.83,76,96,13.4
91,Mazagao,BR,2022-01-03 21:02:41,-0.115,-51.2894,77.72,91,98,2.48
92,Broome,US,2022-01-03 21:02:41,42.2506,-75.833,22.84,70,1,4.0
93,Senno,RU,2022-01-03 21:02:42,59.5336,33.9167,10.4,92,100,7.31
94,Yulara,AU,2022-01-03 21:02:42,-25.2406,130.9889,80.62,28,27,12.44
95,Coahuayana,MX,2022-01-03 21:02:42,18.7333,-103.6833,87.19,53,4,6.96
96,Umm Lajj,SA,2022-01-03 21:02:43,25.0213,37.2685,67.26,60,0,7.87
97,East London,ZA,2022-01-03 21:02:43,-33.0153,27.9116,71.24,87,56,13.53
98,Havelock,US,2022-01-03 21:02:43,34.8791,-76.9013,41.94,83,100,11.99
99,Atuona,PF,2022-01-03 21:02:44,-9.8,-139.0333,78.84,70,20,15.97
100,Srednekolymsk,RU,2022-01-03 21:02:44,67.45,153.6833,-33.2,97,9,5.7
101,Emerald,AU,2022-01-03 21:02:44,-23.5333,148.1667,83.66,35,9,8.48
102,Chauk,MM,2022-01-03 21:02:44,20.8833,94.8167,63.91,67,0,5.37
103,Meulaboh,ID,2022-01-03 20:56:35,4.1363,96.1285,75.0,90,27,2.66
104,Liverpool,GB,2022-01-03 21:00:45,53.4106,-2.9779,47.71,88,40,1.01
105,New Norfolk,AU,2022-01-03 21:02:45,-42.7826,147.0587,57.65,79,100,1.72
106,Nelson Bay,AU,2022-01-03 21:02:45,-32.7167,152.15,75.96,78,85,1.99
107,Georgetown,MY,2022-01-03 20:57:55,5.4112,100.3354,78.73,81,20,3.0
108,Lavrentiya,RU,2022-01-03 20:55:19,65.5833,-171.0,-1.55,99,40,2.51
109,Harbour Breton,CA,2022-01-03 21:02:46,47.4833,-55.7983,30.0,66,90,18.86
110,Gweru,ZW,2022-01-03 21:02:46,-19.45,29.8167,65.28,91,84,4.68
111,Tual,ID,2022-01-03 20:55:29,-5.6667,132.75,82.63,77,100,14.7
112,Grenfell,AU,2022-01-03 21:02:46,-33.9,148.1667,70.16,52,0,10.11
113,Lira,UG,2022-01-03 21:02:46,2.235,32.9097,75.11,34,62,1.28
114,Port Lincoln,AU,2022-01-03 21:02:47,-34.7333,135.8667,60.28,72,27,13.51
115,Neiafu,TO,2022-01-03 21:02:47,-18.65,-173.9833,75.88,100,90,13.8
116,Berdigestyakh,RU,2022-01-03 21:02:47,62.0989,126.6992,-41.31,100,96,2.59
117,Pisco,PE,2022-01-03 20:54:57,-13.7,-76.2167,77.02,73,0,8.05
118,Khatanga,RU,2022-01-03 21:02:48,71.9667,102.5,-56.04,99,53,4.03
119,Arona,ES,2022-01-03 21:02:48,28.0996,-16.681,62.98,45,0,2.3
120,Baghmara,IN,2022-01-03 21:02:48,23.795,86.2085,57.11,53,0,5.53
121,Road Town,VG,2022-01-03 20:59:01,18.4167,-64.6167,82.44,61,20,11.5
122,Lloret De Mar,ES,2022-01-03 21:02:49,41.6999,2.8457,59.2,96,78,3.0
123,Egvekinot,RU,2022-01-03 21:02:49,66.3167,-179.1667,14.29,98,100,5.23
124,Log,RU,2022-01-03 21:02:49,49.4844,43.8613,26.71,97,100,14.99
125,Seoul,KR,2022-01-03 20:58:33,37.5683,126.9778,28.0,77,0,9.22
126,Shitanjing,CN,2022-01-03 21:02:49,39.2342,106.3439,19.09,44,3,2.17
127,Foxton,NZ,2022-01-03 21:02:50,-40.4667,175.3,73.92,46,73,3.89
128,Ponta Do Sol,PT,2022-01-03 21:02:50,32.6667,-17.1,67.12,18,49,0.81
129,Sitka,US,2022-01-03 21:02:50,57.0531,-135.33,13.8,83,100,12.88
130,Baykit,RU,2022-01-03 20:52:27,61.67,96.37,-6.45,100,99,2.28
131,Vila Velha,BR,2022-01-03 21:03:50,-20.3297,-40.2925,78.94,84,100,10.0
132,Manokwari,ID,2022-01-03 21:03:51,-0.8667,134.0833,77.79,82,94,7.0
133,Mahebourg,MU,2022-01-03 21:01:13,-20.4081,57.7,77.29,83,40,5.75
134,San Quintin,MX,2022-01-03 21:03:51,30.4833,-115.95,61.03,53,99,11.63
135,Salinopolis,BR,2022-01-03 20:57:46,-0.6136,-47.3561,78.91,86,100,5.99
136,North Bend,US,2022-01-03 21:03:51,43.4065,-124.2243,48.11,90,90,14.97
137,Dicabisagan,PH,2022-01-03 21:03:52,17.0818,122.4157,72.0,78,96,5.93
138,Cabedelo,BR,2022-01-03 21:03:52,-6.9811,-34.8339,80.28,75,27,11.9
139,Myaundzha,RU,2022-01-03 21:03:52,63.0494,147.1858,-31.02,100,52,2.42
140,Port Moresby,PG,2022-01-03 21:03:52,-9.4431,147.1797,77.23,83,99,5.23
141,Chuy,UY,2022-01-03 21:03:53,-33.6971,-53.4616,83.66,54,5,13.15
142,Camocim,BR,2022-01-03 20:58:53,-2.9022,-40.8411,80.87,77,63,15.66
143,Wanning,CN,2022-01-03 21:03:53,18.8003,110.3967,68.94,84,93,7.09
144,Sironko,UG,2022-01-03 21:03:53,1.2313,34.2477,69.01,49,2,4.38
145,Akyab,MM,2022-01-03 21:03:54,20.15,92.9,64.27,80,0,8.41
146,Gobabis,NA,2022-01-03 21:03:54,-22.45,18.9667,78.1,32,95,7.47
147,Kaitangata,NZ,2022-01-03 20:56:35,-46.2817,169.8464,63.59,64,100,2.13
148,Arraial Do Cabo,BR,2022-01-03 20:54:13,-22.9661,-42.0278,85.86,66,75,18.41
149,Bogale,MM,2022-01-03 21:03:54,16.2833,95.4,70.03,79,0,5.08
150,Manali,IN,2022-01-03 21:03:54,13.1667,80.2667,78.08,77,47,8.81
151,Camana,PE,2022-01-03 21:03:55,-16.6228,-72.7111,73.45,75,16,8.3
152,Mount Gambier,AU,2022-01-03 20:56:31,-37.8333,140.7667,57.11,62,75,11.5
153,Tabuk,PH,2022-01-03 21:03:55,17.4189,121.4443,65.93,87,99,1.41
154,Genova,IT,2022-01-03 21:03:55,44.5,9.0667,50.52,86,100,4.0
155,Tuktoyaktuk,CA,2022-01-03 21:03:15,69.4541,-133.0374,-16.55,98,100,9.26
156,Nouadhibou,MR,2022-01-03 20:54:12,20.931,-17.0347,71.58,53,56,4.61
157,Markova,UA,2022-01-03 21:03:56,48.6758,24.4138,41.22,75,69,15.28
158,Jalu,LY,2022-01-03 20:58:53,29.0331,21.5482,57.36,70,0,1.05
159,Raudeberg,NO,2022-01-03 21:03:56,61.9875,5.1352,36.19,92,100,5.01
160,Tahoua,NE,2022-01-03 21:03:56,14.8888,5.2692,65.95,27,99,10.42
161,Vardo,NO,2022-01-03 21:03:56,70.3705,31.1107,17.8,73,40,11.5
162,Carthage,TN,2022-01-03 20:56:34,36.8611,10.3316,55.26,93,20,2.3
163,Quatre Cocos,MU,2022-01-03 20:54:08,-20.2078,57.7625,77.11,82,80,8.79
164,Labuhan,ID,2022-01-03 21:03:57,-6.8844,112.2051,76.73,82,100,8.79
165,Vestmannaeyjar,IS,2022-01-03 21:03:57,63.4427,-20.2734,29.55,64,13,22.53
166,Klaksvik,FO,2022-01-03 21:03:57,62.2266,-6.589,36.52,93,100,54.31
167,Humberto De Campos,BR,2022-01-03 21:03:58,-2.5983,-43.4611,77.27,90,100,4.52
168,Hambantota,LK,2022-01-03 21:03:58,6.1241,81.1185,76.59,80,46,14.94
169,Faanui,PF,2022-01-03 21:03:58,-16.4833,-151.75,80.42,74,99,11.27
170,Horsham,GB,2022-01-03 21:03:58,51.064,-0.3272,51.03,78,20,3.44
171,Vaitape,PF,2022-01-03 21:03:59,-16.5167,-151.75,80.42,74,99,11.41
172,La Ligua,CL,2022-01-03 21:03:59,-32.4524,-71.2311,78.58,49,0,10.36
173,Ust-Nera,RU,2022-01-03 21:03:59,64.5667,143.2,-24.25,99,95,2.48
174,Tondano,ID,2022-01-03 21:03:59,1.3038,124.9112,68.09,94,100,2.8
175,Tupik,RU,2022-01-03 21:04:00,54.4253,119.9327,-26.3,96,19,2.04
176,Saint-Joseph,RE,2022-01-03 21:05:00,-21.3667,55.6167,75.58,79,64,7.38
177,Codrington,AU,2022-01-03 21:05:00,-38.2667,141.9667,60.12,61,96,16.13
178,Ahipara,NZ,2022-01-03 20:56:35,-35.1667,173.1667,71.35,61,80,6.42
179,Gisborne,NZ,2022-01-03 21:05:01,-38.6533,178.0042,68.95,74,98,9.01
180,Rocha,UY,2022-01-03 21:05:01,-34.4833,-54.3333,84.18,49,47,11.16
181,Terra Santa,BR,2022-01-03 21:05:01,-2.1042,-56.4869,80.1,85,92,2.93
182,Manaure,CO,2022-01-03 21:05:01,11.7751,-72.4445,86.63,45,98,18.99
183,Atambua,ID,2022-01-03 21:05:02,-9.1061,124.8925,74.16,90,100,0.76
184,San Cristobal,VE,2022-01-03 20:56:33,7.7669,-72.225,78.98,34,100,3.29
185,Muzhi,RU,2022-01-03 21:05:02,65.3667,64.6667,-9.26,98,100,12.41
186,Bonfim,BR,2022-01-03 21:05:02,3.0833,-59.95,90.79,37,43,10.83
187,Katsuura,JP,2022-01-03 20:58:53,35.1333,140.3,35.71,65,0,19.06
188,Severo-Kurilsk,RU,2022-01-03 21:05:03,50.6789,156.125,28.53,85,100,26.08
189,Jumla,NP,2022-01-03 21:01:20,29.2747,82.1838,31.84,58,0,5.37
190,Plettenberg Bay,ZA,2022-01-03 21:05:03,-34.0527,23.3716,65.8,89,100,2.66
191,Le Vauclin,MQ,2022-01-03 21:05:03,14.5452,-60.8388,80.73,61,40,14.97
192,Hilo,US,2022-01-03 21:05:04,19.7297,-155.09,79.79,80,70,1.01
193,Viedma,AR,2022-01-03 21:05:04,-40.8135,-62.9967,86.09,24,99,24.36
194,Saint-Denis,FR,2022-01-03 21:04:15,48.9167,2.3333,54.37,91,90,5.01
195,Banjar,ID,2022-01-03 21:05:04,-8.19,114.9675,77.41,88,100,4.61
196,Pouembout,NC,2022-01-03 21:05:05,-21.1333,164.9,81.16,80,39,1.61
197,Los Llanos De Aridane,ES,2022-01-03 21:05:05,28.6585,-17.9182,62.35,58,20,8.99
198,General Roca,AR,2022-01-03 21:01:34,-39.0333,-67.5833,86.63,27,100,36.8
199,Castro,BR,2022-01-03 21:05:05,-24.7911,-50.0119,80.46,50,63,5.7
200,Cedar City,US,2022-01-03 21:03:03,37.6775,-113.0619,39.4,36,1,20.71
201,Gachala,CO,2022-01-03 21:05:05,4.6924,-73.5204,74.95,55,59,4.63
202,Verkhnetulomskiy,RU,2022-01-03 21:05:06,68.6073,31.7962,-12.87,100,100,1.83
203,Kuminskiy,RU,2022-01-03 21:05:06,58.6667,66.5667,22.24,97,100,4.32
204,Mar Del Plata,AR,2022-01-03 21:00:30,-38.0023,-57.5575,72.88,74,5,5.01
205,Senneterre,CA,2022-01-03 21:05:06,48.3835,-77.2328,7.65,92,100,5.44
206,Samarina,RU,2022-01-03 21:05:07,57.8878,27.8054,24.69,98,100,6.22
207,Richards Bay,ZA,2022-01-03 21:05:07,-28.783,32.0377,72.3,95,18,4.88
208,Hofn,IS,2022-01-03 21:05:07,64.2539,-15.2082,29.61,59,70,21.88
209,Matagami,CA,2022-01-03 21:05:07,49.7502,-77.6328,3.31,72,75,6.91
210,Paamiut,GL,2022-01-03 21:05:08,61.994,-49.6678,36.59,57,100,20.31
211,Fort-Shevchenko,KZ,2022-01-03 21:05:08,44.5086,50.263,31.98,61,100,8.68
212,Iwaki,JP,2022-01-03 21:05:08,37.05,140.8833,35.76,79,58,6.11
213,Zhigansk,RU,2022-01-03 21:05:08,66.7697,123.3711,-44.14,96,100,5.17
214,Gigmoto,PH,2022-01-03 21:05:09,13.7796,124.39,75.67,78,100,13.06
215,Menzelinsk,RU,2022-01-03 21:05:09,55.7271,53.1026,7.84,99,36,7.56
216,Glendive,US,2022-01-03 21:01:49,47.1053,-104.7125,32.63,79,1,5.75
217,Hammerfest,NO,2022-01-03 21:05:09,70.6634,23.6821,16.25,86,90,16.11
218,Port Hardy,CA,2022-01-03 21:03:06,50.6996,-127.4199,36.75,93,90,3.44
219,Upernavik,GL,2022-01-03 21:05:09,72.7868,-56.1549,-8.39,87,23,5.77
220,Moose Factory,CA,2022-01-03 21:05:10,51.2585,-80.6094,1.74,87,100,2.64
221,Nogliki,RU,2022-01-03 21:06:10,51.8333,143.1667,-7.96,83,100,20.13
222,San Rafael Del Sur,NI,2022-01-03 21:06:10,11.8485,-86.4384,90.57,39,31,13.35
223,Pevek,RU,2022-01-03 21:06:11,69.7008,170.3133,28.27,73,76,27.65
224,Atar,MR,2022-01-03 21:05:05,20.5169,-13.0499,68.97,19,46,7.25
225,Xining,CN,2022-01-03 21:06:11,36.6167,101.7667,20.62,41,13,0.56
226,Cherskiy,RU,2022-01-03 21:06:11,68.75,161.3,5.65,98,98,9.57
227,Ancud,CL,2022-01-03 21:01:47,-41.8697,-73.8203,61.43,74,86,13.96
228,Berlevag,NO,2022-01-03 21:06:11,70.8578,29.0864,17.55,67,0,20.71
229,Saint-Augustin,CA,2022-01-03 21:06:12,51.226,-58.6502,-0.02,77,0,15.1
230,Chokurdakh,RU,2022-01-03 21:06:12,70.6333,147.9167,-19.93,98,100,8.05
231,Banda Aceh,ID,2022-01-03 21:06:12,5.5577,95.3222,77.05,82,30,3.6
232,Hanting,CN,2022-01-03 21:05:14,36.7708,119.2108,29.91,71,9,4.12
233,Saint-Paul,RE,2022-01-03 21:01:31,-21.0096,55.2707,77.11,83,59,2.57
234,Bathsheba,BB,2022-01-03 21:06:13,13.2167,-59.5167,81.21,61,20,14.97
235,Kruisfontein,ZA,2022-01-03 21:06:13,-34.0033,24.7314,64.89,94,100,1.86
236,Kuytun,RU,2022-01-03 21:06:13,54.3419,101.5036,12.97,97,100,2.68
237,Leh,IN,2022-01-03 21:06:09,34.1667,77.5833,13.48,83,98,1.72
238,Palauig,PH,2022-01-03 21:06:13,15.435,119.9045,73.54,64,90,6.26
239,Hamilton,US,2022-01-03 21:06:14,39.1834,-84.5333,35.08,57,1,1.01
240,Salalah,OM,2022-01-03 21:06:14,17.0151,54.0924,71.69,78,20,4.61
241,Arkhara,RU,2022-01-03 21:06:14,49.4212,130.0842,-31.58,100,40,4.05
242,Lazaro Cardenas,MX,2022-01-03 21:06:14,17.9583,-102.2,84.49,55,0,8.48
243,San Jose,US,2022-01-03 21:04:51,37.3394,-121.895,57.34,73,90,1.01
244,Tiksi,RU,2022-01-03 21:06:15,71.6872,128.8694,-20.34,99,100,6.98
245,Port Hedland,AU,2022-01-03 21:06:15,-20.3167,118.5667,84.25,79,95,9.22
246,Namwala,ZM,2022-01-03 21:06:15,-15.7504,26.4384,67.08,81,95,2.91
247,Batagay,RU,2022-01-03 21:06:16,67.6333,134.6333,-35.27,97,100,2.89
248,Saskylakh,RU,2022-01-03 21:06:16,71.9167,114.0833,-51.93,100,62,3.13
249,Rabaul,PG,2022-01-03 21:06:16,-4.1967,152.1721,78.66,81,100,11.99
250,Luanda,AO,2022-01-03 21:06:16,-8.8368,13.2343,77.23,85,99,5.12
251,Petawawa,CA,2022-01-03 21:06:17,45.9001,-77.3328,12.27,63,65,3.0
252,Griffith,US,2022-01-03 21:06:17,41.5284,-87.4237,24.04,61,1,1.01
253,Sterling,US,2022-01-03 21:04:22,39.0062,-77.4286,34.86,82,40,13.0
254,Bani Walid,LY,2022-01-03 21:06:17,31.7566,13.9942,53.02,75,0,3.04
255,Mitu,CO,2022-01-03 21:06:18,1.1983,-70.1733,88.63,48,100,3.98
256,Luwingu,ZM,2022-01-03 21:06:18,-10.2621,29.9271,63.91,96,100,8.61
257,Omsukchan,RU,2022-01-03 20:56:36,62.5333,155.8,-8.77,100,100,3.76
258,Sinnamary,GF,2022-01-03 21:06:18,5.3833,-52.95,78.21,77,31,12.55
259,Namibe,AO,2022-01-03 21:06:18,-15.1961,12.1522,68.56,83,60,3.67
260,Bam,IR,2022-01-03 21:06:19,29.106,58.357,57.72,46,0,5.86
261,San-Pedro,CI,2022-01-03 21:06:19,4.7485,-6.6363,78.67,83,87,6.15
262,Yarim,YE,2022-01-03 21:06:20,14.298,44.3779,50.2,82,66,1.63
263,Tokmak,UA,2022-01-03 21:06:20,47.2514,35.7058,37.62,90,41,13.78
264,Fukue,JP,2022-01-03 21:06:20,32.6881,128.8419,49.77,58,3,18.9
265,Hasaki,JP,2022-01-03 21:06:20,35.7333,140.8333,27.0,63,0,10.65
266,Kyzyl-Suu,KG,2022-01-03 21:06:21,42.3414,78.0056,28.0,64,100,6.82
267,Bilibino,RU,2022-01-03 21:06:21,68.0546,166.4372,12.33,94,100,4.52
268,Maarianhamina,AX,2022-01-03 21:06:21,60.0973,19.9348,37.26,100,90,6.91
269,Ola,RU,2022-01-03 21:07:21,59.5833,151.2833,9.79,95,100,6.22
270,Bud,US,2022-01-03 21:07:22,39.447,-86.1758,33.12,68,4,5.61
271,Ozernovskiy,RU,2022-01-03 21:07:22,51.5,156.5167,21.92,79,99,9.01
272,Saint George,US,2022-01-03 21:05:12,37.1041,-113.5841,50.54,31,1,1.99
273,Safaga,EG,2022-01-03 21:07:22,26.7292,33.9365,63.21,62,0,15.12
274,Terney,RU,2022-01-03 21:04:06,45.0503,136.6092,3.0,65,28,13.71
275,Kangaatsiaq,GL,2022-01-03 21:07:22,68.3065,-53.4641,8.6,81,63,5.59
276,Lang Son,VN,2022-01-03 21:05:25,21.8333,106.7333,56.55,95,9,1.41
277,Kenai,US,2022-01-03 21:07:23,60.5544,-151.2583,8.65,47,1,23.02
278,Sale,MA,2022-01-03 20:58:56,34.0389,-6.8166,60.64,100,75,0.0
279,Cockburn Town,TC,2022-01-03 21:07:23,21.4612,-71.1419,78.71,62,1,7.61
280,Ottawa,CA,2022-01-03 21:05:23,45.4112,-75.6981,13.71,57,36,1.01
281,Sur,OM,2022-01-03 21:07:23,22.5667,59.5289,75.33,73,95,14.47
282,Hernani,ES,2022-01-03 21:07:24,43.2662,-1.9762,65.8,48,0,11.5
283,Geraldton,AU,2022-01-03 21:07:24,-28.7667,114.6,68.41,88,90,6.91
284,Mackay,AU,2022-01-03 21:07:24,-21.15,149.2,80.69,62,10,7.02
285,Port Macquarie,AU,2022-01-03 20:57:50,-31.4333,152.9167,71.56,100,90,8.05
286,Komsomolskiy,UZ,2022-01-03 21:07:24,40.4272,71.7189,36.82,52,100,4.36
287,Qaqortoq,GL,2022-01-03 21:07:25,60.7167,-46.0333,37.9,62,100,16.31
288,Matay,EG,2022-01-03 21:07:25,28.419,30.7792,57.81,64,11,6.35
289,Nacala,MZ,2022-01-03 21:07:25,-14.5428,40.6728,79.52,85,100,4.29
290,Novonikolayevskiy,RU,2022-01-03 21:07:26,50.9738,42.3649,22.78,93,100,12.35
291,Baker City,US,2022-01-03 21:07:26,44.7749,-117.8344,31.71,55,90,3.44
292,Salym,RU,2022-01-03 21:07:26,60.0625,71.4789,23.63,93,100,11.83
293,Kalmunai,LK,2022-01-03 21:07:26,7.4167,81.8167,75.02,91,63,7.02
294,Svarstad,NO,2022-01-03 21:07:27,59.399,9.9698,37.36,47,13,9.15
295,Kalachinsk,RU,2022-01-03 21:07:27,55.0529,74.5751,27.09,93,100,16.51
296,Pacific Grove,US,2022-01-03 21:07:27,36.6177,-121.9166,57.42,73,90,5.99
297,Cozumel,MX,2022-01-03 21:03:45,20.5083,-86.9458,78.87,87,75,5.75
298,Progreso,MX,2022-01-03 21:07:28,21.2833,-89.6667,71.11,72,100,16.87
299,Coihaique,CL,2022-01-03 21:07:28,-45.5752,-72.0662,50.61,81,90,8.05
300,Oktyabrskoye,RU,2022-01-03 21:07:28,43.0645,44.7417,26.74,92,98,6.71
301,Oyama,JP,2022-01-03 21:07:28,36.3,139.8,40.59,59,1,2.53
302,Yar-Sale,RU,2022-01-03 21:07:29,66.8333,70.8333,-2.67,97,100,17.25
303,Namatanai,PG,2022-01-03 21:07:29,-3.6667,152.4333,77.56,87,100,10.27
304,Zwedru,LR,2022-01-03 21:07:29,6.0667,-8.1281,75.74,78,100,2.98
305,Olafsvik,IS,2022-01-03 21:07:29,64.8945,-23.7142,28.51,74,72,7.29
306,Carnarvon,AU,2022-01-03 21:07:30,-24.8667,113.6333,75.27,83,14,17.27
307,Verkhnyaya Toyma,RU,2022-01-03 21:07:30,62.2349,44.9985,2.59,96,97,6.2
308,College,US,2022-01-03 21:07:30,64.8569,-147.8028,-32.82,68,20,5.75
309,Ouallam,NE,2022-01-03 21:07:31,14.3188,2.0866,68.5,25,26,10.45
310,Maceio,BR,2022-01-03 21:07:31,-9.6658,-35.7353,81.84,65,40,4.61
311,Sao Felix Do Xingu,BR,2022-01-03 20:57:48,-6.6447,-51.995,71.71,97,100,1.68
312,Kamina,CD,2022-01-03 21:07:31,-8.7386,24.9906,64.67,98,100,4.83
313,Severo-Yeniseyskiy,RU,2022-01-03 21:07:31,60.3725,93.0408,7.95,97,100,3.44
314,Lixourion,GR,2022-01-03 21:07:32,38.2019,20.4314,54.79,82,62,1.81
315,Sobolevo,RU,2022-01-03 20:57:49,54.4299,31.8996,7.56,99,83,1.14
316,Piacabucu,BR,2022-01-03 21:08:32,-10.4056,-36.4344,79.29,76,100,12.1
317,Lata,PT,2022-01-03 21:08:32,40.1629,-8.3327,53.82,96,86,4.74
318,Brandon,US,2022-01-03 21:08:32,27.9378,-82.2859,68.38,65,1,5.01
319,Toora-Khem,RU,2022-01-03 21:08:33,52.4675,96.11,-9.69,100,66,0.76
320,Dunedin,NZ,2022-01-03 21:08:33,-45.8742,170.5036,63.52,61,100,2.53
321,Torit,SS,2022-01-03 21:08:33,4.4133,32.5678,85.68,28,80,5.03
322,Auki,SB,2022-01-03 21:08:34,-8.7676,160.7034,81.23,80,97,8.75
323,Tazovskiy,RU,2022-01-03 21:08:34,67.4667,78.7,-11.04,97,100,15.17
324,Asau,RO,2022-01-03 21:08:34,46.4333,26.4,48.4,66,35,19.6
325,Puerto Madero,MX,2022-01-03 21:08:34,14.7208,-92.4215,88.0,58,40,5.75
326,Millerovo,RU,2022-01-03 21:08:35,48.9226,40.3967,34.99,100,100,14.79
327,La Tuque,CA,2022-01-03 21:08:35,47.4334,-72.7824,5.85,82,11,1.28
328,Yatou,CN,2022-01-03 21:08:35,37.15,122.3833,31.64,58,9,11.01
329,Guanica,PR,2022-01-03 21:08:35,17.9716,-66.908,82.51,65,29,10.0
330,Traverse City,US,2022-01-03 21:06:51,44.7631,-85.6206,30.4,57,75,11.5
331,Darnah,LY,2022-01-03 21:08:36,32.767,22.6367,58.23,80,0,8.48
332,Jati,PK,2022-01-03 21:08:36,24.3539,68.2671,69.98,38,50,6.91
333,Mahasamund,IN,2022-01-03 21:08:36,21.1,82.1,60.26,49,4,1.7
334,Kaohsiung,TW,2022-01-03 21:08:36,22.6163,120.3133,64.04,86,4,1.99
335,Iqaluit,CA,2022-01-03 21:08:37,63.7506,-68.5145,6.53,84,90,18.99
336,Haimen,CN,2022-01-03 21:08:37,23.1935,116.6142,58.91,80,6,12.48
337,Dubai,AE,2022-01-03 21:08:14,25.2582,55.3047,73.33,60,0,9.22
338,Kilrush,IE,2022-01-03 21:08:37,52.6397,-9.4833,37.89,83,100,23.71
339,Augustow,PL,2022-01-03 21:08:38,53.8432,22.9798,40.26,92,100,12.53
340,Flinders,AU,2022-01-03 21:08:38,-34.5833,150.8552,73.18,84,67,5.01
341,Bilma,NE,2022-01-03 21:08:38,18.6853,12.9164,60.87,36,77,6.73
342,Fortuna,US,2022-01-03 21:08:38,40.5982,-124.1573,53.92,95,40,1.99
343,Ambilobe,MG,2022-01-03 21:08:39,-13.2,49.05,75.65,93,95,3.83
344,Lompoc,US,2022-01-03 21:08:39,34.6391,-120.4579,64.02,70,75,14.97
345,Lagoa,PT,2022-01-03 21:08:39,39.05,-27.9833,56.57,55,32,10.29
346,Samarai,PG,2022-01-03 21:08:39,-10.6167,150.6667,81.23,79,100,5.95
347,Ketchikan,US,2022-01-03 21:06:49,55.3422,-131.6461,28.87,54,75,11.5
348,Senador Jose Porfirio,BR,2022-01-03 21:08:40,-2.5908,-51.9542,75.52,92,100,3.89
349,Mogadishu,SO,2022-01-03 21:08:40,2.0371,45.3438,78.58,89,9,14.85
350,Yellowknife,CA,2022-01-03 21:05:57,62.456,-114.3525,-30.59,85,83,9.22
351,Norman Wells,CA,2022-01-03 21:08:40,65.282,-126.8329,-35.19,99,95,4.36
352,Khor,RU,2022-01-03 21:08:41,47.8861,134.9464,-30.73,100,56,1.88
353,Kurduvadi,IN,2022-01-03 21:08:41,18.0833,75.4333,71.33,48,40,7.83
354,Alice Springs,AU,2022-01-03 21:08:41,-23.7,133.8833,74.75,25,1,3.44
355,Sundsvall,SE,2022-01-03 21:08:41,62.3913,17.3063,30.96,99,90,3.44
356,Imuris,MX,2022-01-03 21:08:42,30.7833,-110.8667,67.5,14,77,3.06
357,Pimampiro,EC,2022-01-03 21:08:42,0.4,-77.9667,75.83,62,93,3.22
358,Constitucion,CL,2022-01-03 21:08:42,-35.3333,-72.4167,67.19,74,28,13.38
359,Jibuti,DJ,2022-01-03 21:08:42,11.5,42.5,74.62,78,31,10.71
360,Rio Blanco,MX,2022-01-03 21:08:43,18.8333,-97.15,60.62,80,72,5.59
361,San Lawrenz,MT,2022-01-03 21:08:43,36.0553,14.204,56.61,87,7,3.0
362,Longyearbyen,SJ,2022-01-03 21:08:43,78.2186,15.6401,3.04,60,0,17.27
363,Houma,US,2022-01-03 21:07:27,29.5958,-90.7195,51.8,51,1,9.22
364,Bichura,RU,2022-01-03 21:09:44,50.5881,107.6022,-4.88,92,47,2.64
365,Jurm,AF,2022-01-03 21:09:44,36.8648,70.8342,37.2,72,100,5.86
366,Evensk,RU,2022-01-03 21:09:44,61.95,159.2333,30.61,96,100,12.5
367,Merauke,ID,2022-01-03 21:05:06,-8.4667,140.3333,79.27,86,99,9.01
368,Sweetwater,US,2022-01-03 21:09:44,25.7634,-80.3731,75.2,73,75,1.99
369,Doha,QA,2022-01-03 21:09:45,25.2867,51.5333,62.58,61,1,13.8
370,Esmeraldas,BR,2022-01-03 21:09:45,-19.7625,-44.3139,76.06,91,100,6.67
371,Esperance,AU,2022-01-03 21:09:45,-33.8667,121.9,61.7,85,14,11.1
372,Port Keats,AU,2022-01-03 21:09:45,-14.25,129.55,83.8,82,96,7.4
373,Airai,TL,2022-01-03 21:09:46,-8.9266,125.4092,60.89,95,100,0.98
374,Chartres,FR,2022-01-03 21:09:46,48.4167,1.5,53.31,93,100,10.0
375,Bintulu,MY,2022-01-03 21:09:46,3.1667,113.0333,75.29,93,100,4.12
376,Mizdah,LY,2022-01-03 21:09:46,31.4451,12.9801,50.23,62,0,2.68
377,Manado,ID,2022-01-03 21:09:47,1.487,124.8455,75.97,100,40,0.0
378,Taretan,MX,2022-01-03 21:09:47,19.3333,-101.9167,77.11,56,1,11.5
379,Kailua,US,2022-01-03 21:06:40,21.4022,-157.7394,73.38,94,90,6.91
380,Shakiso,ET,2022-01-03 21:09:47,5.75,38.9167,58.66,59,65,2.91
381,Illapel,CL,2022-01-03 21:09:48,-31.6308,-71.1653,80.01,45,0,9.62
382,Ilulissat,GL,2022-01-03 21:09:48,69.2167,-51.1,28.42,50,75,11.5
383,Kirakira,SB,2022-01-03 21:09:48,-10.4544,161.9205,82.85,72,84,8.7
384,Bucerias,MX,2022-01-03 21:07:02,20.75,-105.3333,78.78,73,20,11.5
385,Treinta Y Tres,UY,2022-01-03 21:05:35,-33.2333,-54.3833,88.92,40,84,11.18
386,Roald,NO,2022-01-03 21:09:48,62.5833,6.1333,37.54,60,20,12.66
387,Kuruman,ZA,2022-01-03 21:09:49,-27.4524,23.4325,70.11,54,83,16.82
388,Florianopolis,BR,2022-01-03 21:09:49,-27.6146,-48.5012,81.63,74,40,10.36
389,Toktogul,KG,2022-01-03 21:09:49,41.8708,72.9402,33.35,71,100,3.36
390,Mayo,US,2022-01-03 21:09:49,38.8876,-76.5119,31.98,89,100,8.01
391,Tonj,SS,2022-01-03 21:09:50,7.2737,28.6822,76.51,27,82,4.9
392,Otavi,NA,2022-01-03 21:09:50,-19.65,17.3333,79.79,32,83,6.98
393,Sao Filipe,CV,2022-01-03 21:09:50,14.8961,-24.4956,74.52,63,5,6.15
394,Urambo,TZ,2022-01-03 21:09:51,-5.0667,32.05,66.13,95,100,3.85
395,Cidreira,BR,2022-01-03 21:09:51,-30.1811,-50.2056,77.67,86,3,14.67
396,Swan River,CA,2022-01-03 21:09:51,52.1058,-101.2676,-6.99,98,99,6.08
397,Mulege,MX,2022-01-03 21:09:51,26.8833,-111.9833,65.82,49,35,11.21
398,Kyaikto,MM,2022-01-03 21:08:06,17.3,97.0167,70.88,75,0,3.15
399,Mikuni,JP,2022-01-03 21:09:52,36.2171,136.1519,45.12,61,100,24.34
400,Krasnoselkup,RU,2022-01-03 21:09:52,65.7,82.4667,5.65,95,100,14.63
401,Rafaela,AR,2022-01-03 21:09:52,-31.2503,-61.4867,106.05,24,7,3.0
402,Mostar,BA,2022-01-03 21:09:52,43.3433,17.8081,45.82,87,100,3.0
403,Husavik,IS,2022-01-03 21:09:53,66.0449,-17.3389,28.44,77,100,18.68
404,Saurimo,AO,2022-01-03 21:09:53,-9.6608,20.3916,65.89,96,100,3.56
405,Naze,JP,2022-01-03 21:09:53,28.3667,129.4833,56.25,65,1,10.33
406,Vanderhoof,CA,2022-01-03 21:09:53,54.0166,-124.0198,-8.09,91,100,9.71
407,Kysyl-Syr,RU,2022-01-03 21:09:54,63.8986,122.7617,-46.43,100,97,2.42
408,Vryburg,ZA,2022-01-03 21:09:54,-26.9566,24.7284,69.17,65,69,5.79
409,Parga,GR,2022-01-03 21:09:54,39.2831,20.3964,53.58,83,15,3.94
410,San Ramon,US,2022-01-03 21:09:55,37.7799,-121.978,56.37,77,90,1.01
411,Stokmarknes,NO,2022-01-03 21:10:55,68.5646,14.9108,31.98,64,40,19.57
412,Sudak,UA,2022-01-03 21:09:25,44.85,34.9667,47.01,82,100,5.06
413,Urdoma,RU,2022-01-03 21:10:55,61.7533,48.5442,2.23,97,100,4.92
414,Marabba,SD,2022-01-03 21:10:55,12.35,32.1833,68.95,22,90,16.46
415,Oussouye,SN,2022-01-03 21:10:56,12.485,-16.5469,78.53,27,99,6.15
416,Ulaanbaatar,MN,2022-01-03 21:10:56,47.9077,106.8832,-2.78,84,2,3.44
417,Tshane,BW,2022-01-03 21:10:56,-24.0196,21.8684,81.18,32,63,8.52
418,Mercedes,AR,2022-01-03 21:10:56,-34.6515,-59.4307,98.85,16,8,7.96
419,Espanola,US,2022-01-03 21:10:57,35.9911,-106.0806,47.19,38,0,3.62
420,Dolores,AR,2022-01-03 21:10:57,-36.3132,-57.6792,100.38,15,8,7.52
421,Avera,US,2022-01-03 21:10:57,33.194,-82.5271,56.08,50,3,5.88
422,Kutum,SD,2022-01-03 21:10:57,14.2,24.6667,54.5,42,38,13.35
423,Kondagaon,IN,2022-01-03 21:06:11,19.6,81.6667,55.67,64,18,2.53
424,Leua,SK,2022-01-03 21:10:58,48.2156,18.6071,49.5,85,100,6.06
425,Daro,GN,2022-01-03 21:10:58,8.5185,-9.569,71.06,44,100,0.94
426,Itarema,BR,2022-01-03 21:10:58,-2.9248,-39.9167,80.42,78,37,14.94
427,Lasa,IT,2022-01-03 21:10:58,46.6166,10.7002,34.54,72,71,2.91
428,Saint-Pierre,RE,2022-01-03 21:10:59,-21.3393,55.4781,76.68,66,0,5.75
429,Acapulco,MX,2022-01-03 21:09:32,16.8634,-99.8901,84.02,70,1,9.22
430,Tilichiki,RU,2022-01-03 21:10:59,60.4667,166.1,30.45,94,100,31.59
431,Patiya,BD,2022-01-03 21:10:59,22.2931,91.9762,56.34,83,1,4.9
432,Guerrero Negro,MX,2022-01-03 21:11:00,27.9769,-114.0611,63.48,41,85,10.67
433,Magadan,RU,2022-01-03 21:11:00,59.5667,150.8,10.56,94,99,6.51
434,Shetpe,KZ,2022-01-03 21:11:00,44.1667,52.1167,23.81,71,72,4.0
435,Vanavara,RU,2022-01-03 21:09:01,60.34,102.2797,-15.95,100,80,1.61
436,Adre,TD,2022-01-03 21:11:00,13.4667,22.2,61.79,35,2,17.56
437,Hay River,CA,2022-01-03 21:06:23,60.8156,-115.7999,-25.58,99,100,8.84
438,Dingle,PH,2022-01-03 21:11:01,10.9995,122.6711,71.29,87,93,8.57
439,Bagdarin,RU,2022-01-03 21:11:01,54.4333,113.6,-10.95,96,100,0.81
440,Cap-Aux-Meules,CA,2022-01-03 21:11:01,47.3821,-61.8597,24.13,62,100,18.23
441,Soe,ID,2022-01-03 21:11:01,-9.8607,124.284,66.88,93,100,2.8
442,Northam,GB,2022-01-03 21:11:02,51.0333,-4.2167,50.02,88,100,14.12
443,Desdunes,HT,2022-01-03 21:11:02,19.2955,-72.646,82.38,59,11,8.5
444,Rujiena,LV,2022-01-03 21:11:02,57.8975,25.3316,33.06,99,100,5.61
445,Aklavik,CA,2022-01-03 21:11:02,68.2191,-135.0107,-19.05,98,100,2.89
446,Nome,US,2022-01-03 21:11:03,64.5011,-165.4064,-5.73,71,1,5.75
447,Port Augusta,AU,2022-01-03 21:11:03,-32.5,137.7667,62.74,60,0,15.82
448,Chak Jhumra,PK,2022-01-03 21:08:16,31.5678,73.1835,57.2,70,100,8.03
449,Petropavlovsk-Kamchatskiy,RU,2022-01-03 21:11:03,53.0452,158.6483,0.19,85,0,6.71
450,Ardabil,IR,2022-01-03 21:11:04,38.2498,48.2933,19.33,83,29,5.39
451,Shingu,JP,2022-01-03 21:11:04,33.7333,135.9833,47.91,58,0,14.85
452,Makakilo City,US,2022-01-03 21:11:04,21.3469,-158.0858,71.92,88,90,6.91
453,Hovd,MN,2022-01-03 21:11:04,48.0056,91.6419,-4.38,83,29,2.68
454,Teloloapan,MX,2022-01-03 21:11:05,18.35,-99.85,76.66,31,5,3.65
455,Pitimbu,BR,2022-01-03 21:11:05,-7.4706,-34.8086,81.19,71,15,11.07
456,Tulua,CO,2022-01-03 21:11:05,4.0847,-76.1954,78.62,83,100,2.17
457,Ciudad Bolivar,VE,2022-01-03 21:11:06,8.1222,-63.5497,88.88,40,35,13.87
458,Buraydah,SA,2022-01-03 21:11:06,26.326,43.975,55.58,54,25,4.12
459,Jardim,BR,2022-01-03 21:12:06,-21.4803,-56.1381,73.51,95,84,8.7
460,Imbituba,BR,2022-01-03 21:12:06,-28.24,-48.6703,84.09,87,87,8.21
461,Macapa,BR,2022-01-03 21:10:56,0.0389,-51.0664,80.58,83,75,6.91
462,Sorland,NO,2022-01-03 21:12:07,67.667,12.6934,32.07,67,100,18.01
463,Portmore,JM,2022-01-03 21:12:07,17.9702,-76.8672,83.01,63,32,6.67
464,Rorvik,NO,2022-01-03 21:12:07,64.8621,11.2373,30.31,100,75,11.5
465,Hirara,JP,2022-01-03 21:12:07,24.8,125.2833,68.7,72,100,16.46
466,Sidi Ali,DZ,2022-01-03 21:12:08,36.0998,0.4206,55.4,54,4,1.5
467,Dickson,US,2022-01-03 21:12:08,36.077,-87.3878,35.53,84,90,1.01
468,Caravelas,BR,2022-01-03 21:12:09,-17.7125,-39.2481,77.47,81,97,6.98
469,Zanjan,IR,2022-01-03 21:12:09,36.6736,48.4787,27.99,94,99,4.65
470,Salvador,SV,2022-01-03 21:12:09,13.8333,-88.9167,87.84,47,53,4.56
471,Tarakan,ID,2022-01-03 21:12:09,3.3,117.6333,76.5,94,75,8.05
472,Wiarton,CA,2022-01-03 21:12:10,44.7407,-81.1332,22.6,71,98,14.72
473,Paso De Los Toros,UY,2022-01-03 21:12:10,-32.8167,-56.5167,83.28,45,86,15.86
474,Chapada Dos Guimaraes,BR,2022-01-03 21:12:10,-15.4606,-55.7497,83.86,83,13,4.07
475,Sovetskiy,RU,2022-01-03 21:12:10,61.3614,63.5842,-2.63,97,100,6.51
476,Capinopolis,BR,2022-01-03 21:12:11,-18.6819,-49.5697,77.41,84,40,5.14
477,Tateyama,JP,2022-01-03 21:12:11,34.9833,139.8667,35.62,59,1,25.21
478,Winnemucca,US,2022-01-03 21:12:11,40.973,-117.7357,35.65,48,1,19.57
479,Kloulklubed,PW,2022-01-03 21:12:11,7.0419,134.2556,81.77,77,100,14.9
480,Kavieng,PG,2022-01-03 21:12:12,-2.5744,150.7967,80.53,81,97,7.02
481,Clyde River,CA,2022-01-03 21:12:12,70.4692,-68.5914,-0.17,92,100,25.32
482,Keningau,MY,2022-01-03 21:08:08,5.3378,116.1602,70.25,99,100,1.81
483,Russell,US,2022-01-03 21:12:12,32.3502,-85.1999,44.2,64,1,12.66
484,Alofi,NU,2022-01-03 21:12:12,-19.0595,-169.9187,82.29,83,75,11.5
485,Bahia Blanca,AR,2022-01-03 21:12:13,-38.7196,-62.2724,90.82,20,60,15.39
486,Santa Cruz,BO,2022-01-03 21:10:57,-17.8,-63.1667,87.26,74,40,17.27
487,Manzhouli,CN,2022-01-03 21:12:13,49.6,117.4333,-9.08,93,8,4.05
488,Den Helder,NL,2022-01-03 21:09:43,52.9599,4.7593,49.98,89,90,15.01
489,Goma,CD,2022-01-03 21:12:13,-1.6792,29.2228,62.46,89,51,3.58
490,Antofagasta,CL,2022-01-03 21:12:13,-23.65,-70.4,70.88,69,3,9.95
491,Kununurra,AU,2022-01-03 21:12:14,-15.7667,128.7333,80.58,83,100,0.0
492,Beyneu,KZ,2022-01-03 21:12:14,45.3167,55.2,21.52,91,44,9.46
493,Anadyr,RU,2022-01-03 21:12:14,64.75,177.4833,27.1,92,40,25.99
494,Laguna,US,2022-01-03 21:12:15,38.421,-121.4238,56.25,73,1,1.99
495,Celestun,MX,2022-01-03 21:12:15,20.8667,-90.4,72.52,72,100,18.61
496,Evanston,US,2022-01-03 21:07:20,42.0411,-87.6901,24.39,50,20,3.0
497,Wau,SS,2022-01-03 21:12:15,7.7029,27.9953,75.9,28,70,5.7
498,Dzheguta,RU,2022-01-03 21:12:15,43.9671,42.0426,35.85,80,100,8.32
499,Mananara,MG,2022-01-03 21:12:16,-16.1667,49.7667,75.42,86,80,1.54
500,Kenitra,MA,2022-01-03 21:12:16,34.261,-6.5802,59.72,73,5,2.71
501,Taos,US,2022-01-03 21:12:16,36.4072,-105.5731,40.6,64,1,0.0
502,Isangel,VU,2022-01-03 21:12:16,-19.55,169.2667,81.64,76,91,10.04
503,Mangrol,IN,2022-01-03 21:12:17,21.1167,70.1167,71.87,69,48,6.51
504,Ballina,AU,2022-01-03 21:08:54,-28.8667,153.5667,73.58,95,84,18.61
505,Santa Rosalia,MX,2022-01-03 21:13:17,27.3167,-112.2833,62.76,45,82,8.08
506,Beloha,MG,2022-01-03 21:13:17,-25.1667,45.05,74.28,66,48,15.12
507,Shenjiamen,CN,2022-01-03 21:13:17,29.9576,122.298,49.98,72,0,3.0
508,Lake City,US,2022-01-03 21:13:18,30.1897,-82.6393,55.99,58,1,8.05
509,Vysokogornyy,RU,2022-01-03 21:13:18,50.1167,139.15,-15.11,95,100,4.65
510,Mitrofanovka,RU,2022-01-03 21:13:18,49.9708,39.6939,33.37,100,100,12.03
511,Boa Vista,BR,2022-01-03 21:13:18,2.8197,-60.6733,91.38,35,40,12.66
512,La Asuncion,VE,2022-01-03 21:13:19,11.0333,-63.8628,78.3,76,90,17.47
513,Nenjiang,CN,2022-01-03 21:13:19,49.1833,125.2167,-23.28,89,15,1.95
514,Cayenne,GF,2022-01-03 21:13:19,4.9333,-52.3333,81.09,78,90,1.99
515,Oktyabrskiy,RU,2022-01-03 21:13:20,54.4815,53.471,-6.5,99,50,6.08
516,Ornskoldsvik,SE,2022-01-03 21:13:20,63.2909,18.7153,28.22,100,75,6.91
517,Henties Bay,NA,2022-01-03 21:13:20,-22.116,14.2845,60.85,92,1,6.78
518,Weligama,LK,2022-01-03 21:13:20,5.9667,80.4167,74.44,89,69,4.81
519,Cairo,EG,2022-01-03 21:10:19,30.0626,31.2497,59.76,82,35,0.0
520,Marsabit,KE,2022-01-03 21:13:21,2.3284,37.9899,68.49,54,51,9.89
521,Dubrovka,RU,2022-01-03 21:13:21,53.6907,33.5071,21.18,97,96,4.83
522,Sao Joao Da Barra,BR,2022-01-03 21:13:21,-21.6403,-41.0511,75.29,88,100,10.76
523,Likasi,CD,2022-01-03 21:13:21,-10.9814,26.7333,63.55,95,100,2.86
524,Miri,MY,2022-01-03 21:13:22,4.4148,114.0089,75.2,92,47,3.67
525,Miramar,US,2022-01-03 21:13:22,25.9873,-80.2323,75.22,73,90,10.36
526,Peace River,CA,2022-01-03 21:13:00,56.2501,-117.286,-10.34,97,100,12.53
527,Shahr-E Kord,IR,2022-01-03 21:13:22,32.3256,50.8644,31.77,100,40,4.61
528,Batken,KG,2022-01-03 21:13:23,39.8333,71.0,25.88,68,100,4.68
529,Fereydun Kenar,IR,2022-01-03 21:13:23,36.6864,52.5225,49.62,83,100,6.78
530,Kagadi,UG,2022-01-03 21:13:23,0.9606,30.7967,65.28,75,53,2.53
531,Sasolburg,ZA,2022-01-03 21:13:23,-26.8136,27.817,63.72,65,100,6.58
532,Yining,CN,2022-01-03 21:13:24,29.0361,114.5636,50.94,56,76,2.28
533,Morristown,US,2022-01-03 21:13:24,36.214,-83.2949,35.46,76,90,5.75
534,Patacamaya,BO,2022-01-03 21:13:24,-17.2333,-67.9167,65.35,22,95,4.81
535,Umea,SE,2022-01-03 21:13:24,63.8284,20.2597,24.73,100,90,5.75
536,Brooks,CA,2022-01-03 21:13:25,50.5834,-111.8851,1.04,81,100,10.67
537,Cassilandia,BR,2022-01-03 21:12:12,-19.1133,-51.7342,81.28,78,22,3.96
538,Malindi,KE,2022-01-03 21:13:25,-3.2175,40.1191,79.38,82,3,11.03
539,Tortoli,IT,2022-01-03 21:13:25,39.9256,9.6572,52.83,63,2,5.12
540,Bonthe,SL,2022-01-03 21:13:25,7.5264,-12.505,80.35,75,62,7.05
541,Walvis Bay,NA,2022-01-03 21:13:26,-22.9575,14.5053,61.09,89,0,10.92
542,Abu Samrah,SY,2022-01-03 21:13:26,35.3029,37.1841,45.61,70,0,5.66
543,Trairi,BR,2022-01-03 21:13:26,-3.2778,-39.2689,79.66,81,77,11.18
544,Pando,UY,2022-01-03 21:13:26,-34.7167,-55.95,89.19,69,40,14.97
545,Peterhead,GB,2022-01-03 21:13:27,57.5058,-1.7981,34.45,71,42,25.03
546,Les Cayes,HT,2022-01-03 21:13:27,18.2,-73.75,81.1,58,29,10.0
547,Qianan,CN,2022-01-03 21:13:27,44.9932,124.0581,-15.92,91,5,3.2
548,La Paz,BO,2022-01-03 21:13:27,-16.5,-68.15,53.58,71,75,13.8
549,Sorab,IN,2022-01-03 21:13:28,14.3833,75.1,65.55,72,37,5.99
550,Issa,RU,2022-01-03 21:13:28,53.8705,44.8578,0.3,98,99,4.88
551,Dakar,SN,2022-01-03 21:08:51,14.6937,-17.4441,76.08,66,93,16.31
552,Fiumicino,IT,2022-01-03 21:14:28,41.7675,12.2291,55.08,89,75,3.44
553,Trapani,IT,2022-01-03 21:14:29,37.8333,12.6667,54.34,92,56,4.32
554,Dhuburi,IN,2022-01-03 21:14:29,26.0333,89.9667,59.11,67,0,2.04
555,Abnub,EG,2022-01-03 21:14:29,27.2696,31.1511,56.86,68,0,5.66
556,Luganville,VU,2022-01-03 21:14:29,-15.5333,167.1667,82.26,77,93,2.82
557,Zunyi,CN,2022-01-03 21:14:30,27.6867,106.9072,44.67,97,100,2.68
558,Camacha,PT,2022-01-03 21:14:30,33.0833,-16.3333,61.54,88,0,2.3
559,Seddon,AU,2022-01-03 21:14:30,-37.8068,144.8916,65.68,85,75,5.01
560,Tigzirt,DZ,2022-01-03 21:14:30,36.8886,4.1198,58.37,62,5,3.87
561,Okhotsk,RU,2022-01-03 21:14:31,59.3833,143.3,-3.32,96,100,10.51
562,Matara,LK,2022-01-03 21:14:31,5.9485,80.5353,74.17,89,65,6.4
563,Caraz,PE,2022-01-03 21:14:31,-9.0486,-77.81,67.75,78,86,7.96
564,Te Anau,NZ,2022-01-03 21:14:32,-45.4167,167.7167,63.14,72,100,0.81
565,Wawa,NG,2022-01-03 21:14:32,9.9022,4.4192,80.29,23,100,8.7
566,Najran,SA,2022-01-03 21:14:32,17.4924,44.1277,64.81,70,14,4.52
567,Muros,ES,2022-01-03 21:14:32,42.7762,-9.0603,59.23,90,98,24.18
